{"1": {"R": [[-0.9055764231419416, 0.42392653746206904, 0.014752378956221508], [0.06862812683752326, 0.18074371881263407, -0.9811329615890764], [-0.41859469903024304, -0.8874784498483331, -0.19277053457045695]], "t": [-323.9118424584857, 541.7715234126381, 5506.569132699328], "f": [1145.04940458804, 1143.78109572365], "c": [512.541504956548, 515.4514869776]}, "2": {"R": [[0.9212640765077017, 0.3886011826562522, 0.01617473877914905], [0.09922277503271489, -0.1946115441987536, -0.9758489574618522], [-0.3760682680727248, 0.9006194910741931, -0.21784671226815075]], "t": [178.6238708832376, 403.59193467821774, 5694.8801003668095], "f": [1149.67569986785, 1147.59161666764], "c": [508.848621645943, 508.064917088557]}, "3": {"R": [[-0.9245069728829368, -0.37555597339631824, -0.06515034871105972], [-0.018955014220249346, 0.2160111098950734, -0.9762068980691586], [0.38069353097569036, -0.9012751584550871, -0.2068224461344045]], "t": [441.1064712697594, 271.9161436257393, 5660.120611352617], "f": [1149.14071676148, 1148.7989685676], "c": [519.815837182153, 501.402658888552]}, "4": {"R": [[0.9228353966173104, -0.37440015452287667, 0.09055029013436408], [-0.01498208436370467, -0.269786590656035, -0.9628035794752281], [0.38490306298896904, 0.8871525910436372, -0.25457791009093983]], "t": [25.76853374383657, 431.05581759025813, 4461.872981411145], "f": [1145.51133842318, 1144.77392807652], "c": [514.968197319863, 501.882018537695]}}