{"1": {"R": [[-0.9042074184788829, 0.42657831374650107, 0.020973473936051274], [0.06390493744399675, 0.18368565260974637, -0.9809055713959477], [-0.4222855708380685, -0.8856017859436166, -0.1933503902128034]], "t": [-219.3059666108619, 544.4787497640639, 5518.740477016156], "f": [1145.04940458804, 1143.78109572365], "c": [512.541504956548, 515.4514869776]}, "2": {"R": [[0.9222116004775194, 0.38649075753002626, 0.012274293810989732], [0.09333184463870337, -0.19167233853095322, -0.9770111982052265], [-0.3752531555110883, 0.902156643264318, -0.21283434941998647]], "t": [103.90282067751986, 395.67169468951965, 5767.97265758172], "f": [1149.67569986785, 1147.59161666764], "c": [508.848621645943, 508.064917088557]}, "3": {"R": [[-0.9258288614330635, -0.3728674116124112, -0.06173178026768599], [-0.023578112500148365, 0.220000562347259, -0.9752147584905696], [0.3772068291381898, -0.9014264506460582, -0.21247437993123308]], "t": [520.3272318446208, 283.3690958234795, 5591.123958858676], "f": [1149.14071676148, 1148.7989685676], "c": [519.815837182153, 501.402658888552]}, "4": {"R": [[0.9222815489764817, -0.3772688722588351, 0.0840532119677073], [-0.021177649402562934, -0.26645871124348197, -0.9636136478735888], [0.3859381447632816, 0.88694303832152, -0.25373962085111357]], "t": [-79.116431351199, 425.59047114848386, 4454.481629705836], "f": [1145.51133842318, 1144.77392807652], "c": [514.968197319863, 501.882018537695]}}