{"1": {"R": [[-0.9115694669712032, 0.4106494283805017, 0.020202818036194434], [0.060907749548984036, 0.1834736632003901, -0.9811359034082424], [-0.40660958293025334, -0.8931430243150293, -0.19226072190306673]], "t": [-82.70216069652597, 552.1896311377282, 5557.353609418419], "f": [1145.04940458804, 1143.78109572365], "c": [512.541504956548, 515.4514869776]}, "2": {"R": [[0.931016282525616, 0.3647626932499711, 0.01252434769597448], [0.08939715221301257, -0.19463753190599434, -0.9767929055586687], [-0.35385990285476776, 0.9105297407479727, -0.2138194574051759]], "t": [-209.06289992510443, 375.0691429434037, 5818.276676972416], "f": [1149.67569986785, 1147.59161666764], "c": [508.848621645943, 508.064917088557]}, "3": {"R": [[-0.9209075762929309, -0.3847355178017309, -0.0625125368875214], [-0.02568138180824641, 0.21992027027623712, -0.9751797482259595], [0.38893405939143305, -0.8964450100611084, -0.21240678280563546]], "t": [623.0985110132146, 290.9053651845054, 5534.379001592981], "f": [1149.14071676148, 1148.7989685676], "c": [519.815837182153, 501.402658888552]}, "4": {"R": [[0.927667052235436, -0.3636062759574404, 0.08499597802942535], [-0.01666268768012713, -0.26770413351564454, -0.9633570738505596], [0.37303645269074087, 0.8922583555131325, -0.2543989622245125]], "t": [-178.36705625795474, 423.4669232560848, 4421.6448791590965], "f": [1145.51133842318, 1144.77392807652], "c": [514.968197319863, 501.882018537695]}}