{"1": {"R": [[-0.9149503344107554, 0.4034864343564006, 0.008036345687245266], [0.07174776353922047, 0.1822275975157708, -0.9806351824867137], [-0.3971374371533952, -0.896655898321083, -0.19567845056940925]], "t": [-239.5182864132218, 545.8141831785044, 5523.931578633363], "f": [1145.04940458804, 1143.78109572365], "c": [512.541504956548, 515.4514869776]}, "2": {"R": [[0.9197364689900042, 0.39209901596964664, 0.018525368698999664], [0.101478073351267, -0.19191459963948, -0.9761511087296542], [-0.37919260045353465, 0.899681692667386, -0.21630030892357308]], "t": [169.02510061389722, 409.6671223380997, 5714.338002825065], "f": [1149.67569986785, 1147.59161666764], "c": [508.848621645943, 508.064917088557]}, "3": {"R": [[-0.916577698818659, -0.39393483656788014, -0.06856140726771254], [-0.01984531630322392, 0.21607069980297702, -0.9761760169700323], [0.3993638509543854, -0.8933805444629346, -0.20586334624209834]], "t": [521.9864793089763, 286.28272817103516, 5643.2724406159], "f": [1149.14071676148, 1148.7989685676], "c": [519.815837182153, 501.402658888552]}, "4": {"R": [[0.9182950552949388, -0.3850769011116475, 0.09192372735651859], [-0.015534985886560007, -0.26706146429979655, -0.9635542737695438], [0.3955917790277871, 0.8833990913037544, -0.25122338635033875]], "t": [-56.29675276801464, 420.29579722027506, 4499.322693551688], "f": [1145.51133842318, 1144.77392807652], "c": [514.968197319863, 501.882018537695]}}