{"1": {"R": [[-0.9033486204435297, 0.4269119782787646, 0.04132109321984796], [0.04153061098352977, 0.182951140059007, -0.9822444139329296], [-0.4268916470184284, -0.8855930460167476, -0.18299857527497945]], "t": [-321.2078335720134, 467.13452033013084, 5514.330338522134], "f": [1145.04940458804, 1143.78109572365], "c": [512.541504956548, 515.4514869776]}, "2": {"R": [[0.9315720471487059, 0.36348288012373176, -0.007329176497134756], [0.06810069482701912, -0.19426747906725159, -0.9785818524481906], [-0.35712157080642226, 0.911120377575769, -0.20572758986325015]], "t": [19.193095609487138, 404.22842728571936, 5702.169280033924], "f": [1149.67569986785, 1147.59161666764], "c": [508.848621645943, 508.064917088557]}, "3": {"R": [[-0.9269344193869241, -0.3732303525241731, -0.03862235247246717], [-0.04725991098820678, 0.218240494552814, -0.9747500127472326], [0.37223525218497616, -0.901704048173249, -0.21993345934341726]], "t": [455.40107288876885, 273.3589338272866, 5657.814488280711], "f": [1149.14071676148, 1148.7989685676], "c": [519.815837182153, 501.402658888552]}, "4": {"R": [[0.9154607080837831, -0.39734606500700814, 0.06362229623477154], [-0.049406284684695274, -0.2678916756611978, -0.9621814117644814], [0.3993628813352506, 0.877695935238897, -0.26487569589663096]], "t": [-69.27125529438378, 422.18433660888445, 4457.893374979774], "f": [1145.51133842318, 1144.77392807652], "c": [514.968197319863, 501.882018537695]}}